Aminoglucósidos	APH-Stph
Aminoglucósidos	Aac
Aminoglucósidos	Aac-IIIa
Aminoglucósidos	Aac2-Ia
Aminoglucósidos	Aac2-Ib
Aminoglucósidos	Aac2-Ic
Aminoglucósidos	Aac2-Id
Aminoglucósidos	Aac2-Ie
Aminoglucósidos	Aac3-I
Aminoglucósidos	Aac3-I
Aminoglucósidos	Aac3-IIIb
Aminoglucósidos	Aac3-IIIc
Aminoglucósidos	Aac3-IIa
Aminoglucósidos	Aac3-IIc
Aminoglucósidos	Aac3-IId
Aminoglucósidos	Aac3-IIe
Aminoglucósidos	Aac3-IXa
Aminoglucósidos	Aac3-Ib
Aminoglucósidos	Aac3-Ib-Aac6-Ib
Aminoglucósidos	Aac3-Ic
Aminoglucósidos	Aac3-Id
Aminoglucósidos	Aac3-If
Aminoglucósidos	Aac3-Ig
Aminoglucósidos	Aac3-Ih
Aminoglucósidos	Aac3-Ii
Aminoglucósidos	Aac3-Ik
Aminoglucósidos	Aac3-Iva
Aminoglucósidos	Aac3-VII
Aminoglucósidos	Aac3-VIa
Aminoglucósidos	Aac3-Vb
Aminoglucósidos	Aac3-Xa
Aminoglucósidos	Aac6
Aminoglucósidos	Aac6-31
Aminoglucósidos	Aac6-32
Aminoglucósidos	Aac6-33
Aminoglucósidos	Aac6-Aph2
Aminoglucósidos	Aac6-I30
Aminoglucósidos	Aac6-IIa
Aminoglucósidos	Aac6-IIb
Aminoglucósidos	Aac6-IIc
Aminoglucósidos	Aac6-IL
Aminoglucósidos	Aac6-Ia
Aminoglucósidos	Aac6-Iaa
Aminoglucósidos	Aac6-Iad
Aminoglucósidos	Aac6-Iae
Aminoglucósidos	Aac6-Iaf
Aminoglucósidos	Aac6-Iai
Aminoglucósidos	Aac6-Ib
Aminoglucósidos	Aac6-Ic
Aminoglucósidos	Aac6-Id
Aminoglucósidos	Aac6-If
Aminoglucósidos	Aac6-Ig
Aminoglucósidos	Aac6-Ih
Aminoglucósidos	Aac6-Ii
Aminoglucósidos	Aac6-Ij
Aminoglucósidos	Aac6-Ik
Aminoglucósidos	Aac6-Im
Aminoglucósidos	Aac6-Iq
Aminoglucósidos	Aac6-Ir
Aminoglucósidos	Aac6-Is
Aminoglucósidos	Aac6-It
Aminoglucósidos	Aac6-Iu
Aminoglucósidos	Aac6-Iv
Aminoglucósidos	Aac6-Iw
Aminoglucósidos	Aac6-Iy
Aminoglucósidos	Aac6-Iz
Aminoglucósidos	Aac6Ib-cr
Aminoglucósidos	Aac8
Aminoglucósidos	AacA29b
Aminoglucósidos	AacA4
Aminoglucósidos	AacA43
Aminoglucósidos	Aad9
Aminoglucósidos	AadA1
Aminoglucósidos	AadA1-pm
Aminoglucósidos	AadA10
Aminoglucósidos	AadA11
Aminoglucósidos	AadA12
Aminoglucósidos	AadA13
Aminoglucósidos	AadA14
Aminoglucósidos	AadA15
Aminoglucósidos	AadA16
Aminoglucósidos	AadA17
Aminoglucósidos	AadA2
Aminoglucósidos	AadA21
Aminoglucósidos	AadA22
Aminoglucósidos	AadA23
Aminoglucósidos	AadA24
Aminoglucósidos	AadA24
Aminoglucósidos	AadA3
Aminoglucósidos	AadA4
Aminoglucósidos	AadA5
Aminoglucósidos	AadA6
Aminoglucósidos	AadA7
Aminoglucósidos	AadA8
Aminoglucósidos	AadA8b
Aminoglucósidos	AadA9
Aminoglucósidos	AadB
Aminoglucósidos	AadC
Aminoglucósidos	AadD
Aminoglucósidos	AadE-Pp
Aminoglucósidos	AadK-Pm
Aminoglucósidos	Ant3''Ih-Aac6-IId
Aminoglucósidos	Ant4-IIa
Aminoglucósidos	Ant4-IIb
Aminoglucósidos	Ant4-Ib
Aminoglucósidos	Ant6-Ia
Aminoglucósidos	Ant6-Ib
Aminoglucósidos	Aph(3')-Ic
Aminoglucósidos	Aph(6)-Id
Aminoglucósidos	Aph2''Ic
Aminoglucósidos	Aph2''Id
Aminoglucósidos	Aph2''Ie
Aminoglucósidos	Aph2-Ib
Aminoglucósidos	Aph3''Ia
Aminoglucósidos	Aph3''Ic
Aminoglucósidos	Aph3-III
Aminoglucósidos	Aph3-IIb
Aminoglucósidos	Aph3-IIc
Aminoglucósidos	Aph3-IV
Aminoglucósidos	Aph3-Ia
Aminoglucósidos	Aph3-Ib
Aminoglucósidos	Aph3-Id
Aminoglucósidos	Aph3-VIIa
Aminoglucósidos	Aph3-VIb
Aminoglucósidos	Aph3-Va
Aminoglucósidos	Aph3-Vb
Aminoglucósidos	Aph3-Vc
Aminoglucósidos	Aph4-Ia
Aminoglucósidos	Aph4-Ib
Aminoglucósidos	Aph6-Ia
Aminoglucósidos	Aph6-Ib
Aminoglucósidos	Aph7
Aminoglucósidos	Aph9-Ia
Aminoglucósidos	Aph9-Ib
Aminoglucósidos	AphA15
Aminoglucósidos	AphA2
Aminoglucósidos	AphA6
Aminoglucósidos	AphVIII
Aminoglucósidos	ApmA
Aminoglucósidos	ArmA
Aminoglucósidos	NpmA
Aminoglucósidos	RmtA
Aminoglucósidos	RmtB
Aminoglucósidos	RmtB2
Aminoglucósidos	RmtC
Aminoglucósidos	RmtD
Aminoglucósidos	RmtD2
Aminoglucósidos	RmtE
Aminoglucósidos	RmtF
Aminoglucósidos	RmtG
Aminoglucósidos	RmtH
Aminoglucósidos	Sat-2A
Aminoglucósidos	Sat3
Aminoglucósidos	Sat4A
Aminoglucósidos	Spc
Aminoglucósidos	Sph
Aminoglucósidos	Str
Aminoglucósidos	StrA
Aminoglucósidos	StrB
Betalactámicos	ACC-1
Betalactámicos	ACC-2
Betalactámicos	ACC-3
Betalactámicos	ACC-4
Betalactámicos	ACC-5
Betalactámicos	ACI-1
Betalactámicos	ACT-1
Betalactámicos	ACT-10
Betalactámicos	ACT-12
Betalactámicos	ACT-14
Betalactámicos	ACT-15
Betalactámicos	ACT-16
Betalactámicos	ACT-2
Betalactámicos	ACT-3
Betalactámicos	ACT-38
Betalactámicos	ACT-4
Betalactámicos	ACT-5
Betalactámicos	ACT-6
Betalactámicos	ACT-7
Betalactámicos	ACT-8
Betalactámicos	ACT-9
Betalactámicos	ADC-11
Betalactámicos	ADC-25
Betalactámicos	ADC-30
Betalactámicos	ADC-56
Betalactámicos	ADC-58
Betalactámicos	ADC-59
Betalactámicos	ADC-60
Betalactámicos	ADC-61
Betalactámicos	ADC-62
Betalactámicos	ADC-67
Betalactámicos	ADC-68
Betalactámicos	ADC-73
Betalactámicos	ADC-74
Betalactámicos	ADC-75
Betalactámicos	ADC-76
Betalactámicos	ADC-77
Betalactámicos	ADC-78
Betalactámicos	AER-1
Betalactámicos	AIM-1
Betalactámicos	AMPH
Betalactámicos	AQU1
Betalactámicos	AQU2
Betalactámicos	AQU3
Betalactámicos	AST-1
Betalactámicos	AZECL-25
Betalactámicos	AmpC
Betalactámicos	AmpC1
Betalactámicos	AmpC2
Betalactámicos	AmpH
Betalactámicos	AmpS
Betalactámicos	B-1
Betalactámicos	B-10
Betalactámicos	B-11
Betalactámicos	B-12
Betalactámicos	B-13
Betalactámicos	B-14
Betalactámicos	B-2
Betalactámicos	B-3
Betalactámicos	B-5
Betalactámicos	B-6
Betalactámicos	B-7
Betalactámicos	B-8
Betalactámicos	B-9
Betalactámicos	BCL-1
Betalactámicos	BEL-1
Betalactámicos	BEL-2
Betalactámicos	BEL-3
Betalactámicos	BES-1
Betalactámicos	BIC-1
Betalactámicos	BIL-1
Betalactámicos	BKC-1
Betalactámicos	BLA-1
Betalactámicos	BRO-1
Betalactámicos	BRO-2
Betalactámicos	BlaA
Betalactámicos	BlaA1
Betalactámicos	BlaA2
Betalactámicos	BlaZ
Betalactámicos	CARB-1
Betalactámicos	CARB-10
Betalactámicos	CARB-11
Betalactámicos	CARB-2
Betalactámicos	CARB-3
Betalactámicos	CARB-4
Betalactámicos	CARB-5
Betalactámicos	CARB-6
Betalactámicos	CARB-7
Betalactámicos	CARB-8
Betalactámicos	CARB-8_OU
Betalactámicos	CARB-9
Betalactámicos	CAU-1
Betalactámicos	CCR-A
Betalactámicos	CEPA-29
Betalactámicos	CEPA-29
Betalactámicos	CEPA-44
Betalactámicos	CEPA-49
Betalactámicos	CEPH
Betalactámicos	CEPH-A3
Betalactámicos	CFE-1
Betalactámicos	CGA-1
Betalactámicos	CGB-1
Betalactámicos	CIA-1
Betalactámicos	CIA-2
Betalactámicos	CIA-3
Betalactámicos	CIA-4
Betalactámicos	CKO-1
Betalactámicos	CME-1
Betalactámicos	CMG
Betalactámicos	CMH-1
Betalactámicos	CMY-1
Betalactámicos	CMY-10
Betalactámicos	CMY-104
Betalactámicos	CMY-105
Betalactámicos	CMY-106
Betalactámicos	CMY-108
Betalactámicos	CMY-11
Betalactámicos	CMY-110
Betalactámicos	CMY-111
Betalactámicos	CMY-112
Betalactámicos	CMY-113
Betalactámicos	CMY-114
Betalactámicos	CMY-115
Betalactámicos	CMY-116
Betalactámicos	CMY-117
Betalactámicos	CMY-118
Betalactámicos	CMY-119
Betalactámicos	CMY-12
Betalactámicos	CMY-13
Betalactámicos	CMY-131
Betalactámicos	CMY-132
Betalactámicos	CMY-133
Betalactámicos	CMY-135
Betalactámicos	CMY-14
Betalactámicos	CMY-15
Betalactámicos	CMY-16
Betalactámicos	CMY-17
Betalactámicos	CMY-18
Betalactámicos	CMY-19
Betalactámicos	CMY-2
Betalactámicos	CMY-20
Betalactámicos	CMY-21
Betalactámicos	CMY-22
Betalactámicos	CMY-23
Betalactámicos	CMY-24
Betalactámicos	CMY-25
Betalactámicos	CMY-26
Betalactámicos	CMY-27
Betalactámicos	CMY-28
Betalactámicos	CMY-29
Betalactámicos	CMY-30
Betalactámicos	CMY-31
Betalactámicos	CMY-32
Betalactámicos	CMY-33
Betalactámicos	CMY-34
Betalactámicos	CMY-35
Betalactámicos	CMY-36
Betalactámicos	CMY-37
Betalactámicos	CMY-38
Betalactámicos	CMY-39
Betalactámicos	CMY-4
Betalactámicos	CMY-40
Betalactámicos	CMY-41
Betalactámicos	CMY-42
Betalactámicos	CMY-43
Betalactámicos	CMY-44
Betalactámicos	CMY-45
Betalactámicos	CMY-46
Betalactámicos	CMY-47
Betalactámicos	CMY-48
Betalactámicos	CMY-49
Betalactámicos	CMY-5
Betalactámicos	CMY-50
Betalactámicos	CMY-51
Betalactámicos	CMY-53
Betalactámicos	CMY-54
Betalactámicos	CMY-55
Betalactámicos	CMY-56
Betalactámicos	CMY-57
Betalactámicos	CMY-58
Betalactámicos	CMY-6
Betalactámicos	CMY-60
Betalactámicos	CMY-61
Betalactámicos	CMY-62
Betalactámicos	CMY-63
Betalactámicos	CMY-64
Betalactámicos	CMY-65
Betalactámicos	CMY-66
Betalactámicos	CMY-67
Betalactámicos	CMY-68
Betalactámicos	CMY-69
Betalactámicos	CMY-7
Betalactámicos	CMY-70
Betalactámicos	CMY-71
Betalactámicos	CMY-72
Betalactámicos	CMY-73
Betalactámicos	CMY-74
Betalactámicos	CMY-75
Betalactámicos	CMY-76
Betalactámicos	CMY-77
Betalactámicos	CMY-78
Betalactámicos	CMY-79
Betalactámicos	CMY-8
Betalactámicos	CMY-80
Betalactámicos	CMY-81
Betalactámicos	CMY-83
Betalactámicos	CMY-84
Betalactámicos	CMY-87
Betalactámicos	CMY-9
Betalactámicos	CMY-94
Betalactámicos	CMY-95
Betalactámicos	CTX-M-1
Betalactámicos	CTX-M-10
Betalactámicos	CTX-M-100
Betalactámicos	CTX-M-101
Betalactámicos	CTX-M-102
Betalactámicos	CTX-M-104
Betalactámicos	CTX-M-105
Betalactámicos	CTX-M-106
Betalactámicos	CTX-M-107
Betalactámicos	CTX-M-108
Betalactámicos	CTX-M-109
Betalactámicos	CTX-M-11
Betalactámicos	CTX-M-110
Betalactámicos	CTX-M-111
Betalactámicos	CTX-M-112
Betalactámicos	CTX-M-113
Betalactámicos	CTX-M-114
Betalactámicos	CTX-M-116
Betalactámicos	CTX-M-117
Betalactámicos	CTX-M-12
Betalactámicos	CTX-M-121
Betalactámicos	CTX-M-122
Betalactámicos	CTX-M-123
Betalactámicos	CTX-M-124
Betalactámicos	CTX-M-125
Betalactámicos	CTX-M-126
Betalactámicos	CTX-M-129
Betalactámicos	CTX-M-130
Betalactámicos	CTX-M-131
Betalactámicos	CTX-M-132
Betalactámicos	CTX-M-133
Betalactámicos	CTX-M-134
Betalactámicos	CTX-M-136
Betalactámicos	CTX-M-139
Betalactámicos	CTX-M-14
Betalactámicos	CTX-M-15
Betalactámicos	CTX-M-16
Betalactámicos	CTX-M-17
Betalactámicos	CTX-M-19
Betalactámicos	CTX-M-2
Betalactámicos	CTX-M-20
Betalactámicos	CTX-M-21
Betalactámicos	CTX-M-22
Betalactámicos	CTX-M-23
Betalactámicos	CTX-M-24
Betalactámicos	CTX-M-25
Betalactámicos	CTX-M-26
Betalactámicos	CTX-M-27
Betalactámicos	CTX-M-28
Betalactámicos	CTX-M-29
Betalactámicos	CTX-M-3
Betalactámicos	CTX-M-30
Betalactámicos	CTX-M-31
Betalactámicos	CTX-M-32
Betalactámicos	CTX-M-33
Betalactámicos	CTX-M-34
Betalactámicos	CTX-M-35
Betalactámicos	CTX-M-36
Betalactámicos	CTX-M-37
Betalactámicos	CTX-M-38
Betalactámicos	CTX-M-39
Betalactámicos	CTX-M-4
Betalactámicos	CTX-M-40
Betalactámicos	CTX-M-41
Betalactámicos	CTX-M-42
Betalactámicos	CTX-M-43
Betalactámicos	CTX-M-44
Betalactámicos	CTX-M-45
Betalactámicos	CTX-M-46
Betalactámicos	CTX-M-47
Betalactámicos	CTX-M-48
Betalactámicos	CTX-M-49
Betalactámicos	CTX-M-5
Betalactámicos	CTX-M-50
Betalactámicos	CTX-M-51
Betalactámicos	CTX-M-52
Betalactámicos	CTX-M-53
Betalactámicos	CTX-M-54
Betalactámicos	CTX-M-55
Betalactámicos	CTX-M-56
Betalactámicos	CTX-M-58
Betalactámicos	CTX-M-59
Betalactámicos	CTX-M-6
Betalactámicos	CTX-M-60
Betalactámicos	CTX-M-61
Betalactámicos	CTX-M-62
Betalactámicos	CTX-M-63
Betalactámicos	CTX-M-64
Betalactámicos	CTX-M-65
Betalactámicos	CTX-M-66
Betalactámicos	CTX-M-67
Betalactámicos	CTX-M-68
Betalactámicos	CTX-M-69
Betalactámicos	CTX-M-7
Betalactámicos	CTX-M-71
Betalactámicos	CTX-M-72
Betalactámicos	CTX-M-74
Betalactámicos	CTX-M-75
Betalactámicos	CTX-M-76
Betalactámicos	CTX-M-77
Betalactámicos	CTX-M-78
Betalactámicos	CTX-M-79
Betalactámicos	CTX-M-8
Betalactámicos	CTX-M-80
Betalactámicos	CTX-M-81
Betalactámicos	CTX-M-82
Betalactámicos	CTX-M-83
Betalactámicos	CTX-M-84
Betalactámicos	CTX-M-85
Betalactámicos	CTX-M-86
Betalactámicos	CTX-M-88
Betalactámicos	CTX-M-89
Betalactámicos	CTX-M-9
Betalactámicos	CTX-M-90
Betalactámicos	CTX-M-91
Betalactámicos	CTX-M-92
Betalactámicos	CTX-M-93
Betalactámicos	CTX-M-94
Betalactámicos	CTX-M-95
Betalactámicos	CTX-M-96
Betalactámicos	CTX-M-97
Betalactámicos	CTX-M-98
Betalactámicos	CTX-M-99
Betalactámicos	CfiA1
Betalactámicos	CfiA10
Betalactámicos	CfiA13
Betalactámicos	CfiA14
Betalactámicos	CfiA15
Betalactámicos	CfiA2
Betalactámicos	CfiA3
Betalactámicos	CfiA4
Betalactámicos	CfiA6
Betalactámicos	CfiA8
Betalactámicos	CfiA9
Betalactámicos	CfxA
Betalactámicos	CfxA2
Betalactámicos	CfxA4
Betalactámicos	CfxA5
Betalactámicos	CfxA6
Betalactámicos	CphA
Betalactámicos	CphA1
Betalactámicos	CphA2
Betalactámicos	CphA4
Betalactámicos	CphA5
Betalactámicos	CphA6
Betalactámicos	CphA7
Betalactámicos	CphA8
Betalactámicos	DES-1
Betalactámicos	DHA-1
Betalactámicos	DHA-2
Betalactámicos	DHA-3
Betalactámicos	DHA-5
Betalactámicos	DHA-6
Betalactámicos	DHA-7
Betalactámicos	DHA-9
Betalactámicos	DIM-1
Betalactámicos	EBR-1
Betalactámicos	ERP-1
Betalactámicos	FAR-1
Betalactámicos	FEZ-1
Betalactámicos	FIM-1
Betalactámicos	FONA-1
Betalactámicos	FONA-2
Betalactámicos	FONA-3
Betalactámicos	FONA-4
Betalactámicos	FONA-5
Betalactámicos	FONA-6
Betalactámicos	FOX-1
Betalactámicos	FOX-10
Betalactámicos	FOX-2
Betalactámicos	FOX-3
Betalactámicos	FOX-4
Betalactámicos	FOX-5
Betalactámicos	FOX-6
Betalactámicos	FOX-7
Betalactámicos	FOX-8
Betalactámicos	FOX-9
Betalactámicos	FRI-1
Betalactámicos	FRI-2
Betalactámicos	FRI-3
Betalactámicos	GES-1
Betalactámicos	GES-10
Betalactámicos	GES-11
Betalactámicos	GES-12
Betalactámicos	GES-13
Betalactámicos	GES-14
Betalactámicos	GES-15
Betalactámicos	GES-16
Betalactámicos	GES-17
Betalactámicos	GES-18
Betalactámicos	GES-19
Betalactámicos	GES-2
Betalactámicos	GES-20
Betalactámicos	GES-21
Betalactámicos	GES-22
Betalactámicos	GES-24
Betalactámicos	GES-26
Betalactámicos	GES-3
Betalactámicos	GES-4
Betalactámicos	GES-5
Betalactámicos	GES-6
Betalactámicos	GES-9
Betalactámicos	GIM-1
Betalactámicos	GIM-2
Betalactámicos	GOB-1
Betalactámicos	GOB-10
Betalactámicos	GOB-11
Betalactámicos	GOB-12
Betalactámicos	GOB-13
Betalactámicos	GOB-14
Betalactámicos	GOB-15
Betalactámicos	GOB-16
Betalactámicos	GOB-17
Betalactámicos	GOB-18
Betalactámicos	GOB-2
Betalactámicos	GOB-3
Betalactámicos	GOB-4
Betalactámicos	GOB-5
Betalactámicos	GOB-6
Betalactámicos	GOB-7
Betalactámicos	GOB-8
Betalactámicos	GOB-9
Betalactámicos	HERA-1
Betalactámicos	HERA-2
Betalactámicos	HERA-3
Betalactámicos	HERA-4
Betalactámicos	HERA-5
Betalactámicos	HERA-6
Betalactámicos	HERA-8
Betalactámicos	HugA
Betalactámicos	HugA
Betalactámicos	IBC-2
Betalactámicos	IMI-1
Betalactámicos	IMI-2
Betalactámicos	IMI-3
Betalactámicos	IMI-4
Betalactámicos	IMI-7
Betalactámicos	IMI-8
Betalactámicos	IMIH
Betalactámicos	IMIS
Betalactámicos	IMP-1
Betalactámicos	IMP-10
Betalactámicos	IMP-11
Betalactámicos	IMP-13
Betalactámicos	IMP-14
Betalactámicos	IMP-15
Betalactámicos	IMP-16
Betalactámicos	IMP-18
Betalactámicos	IMP-19
Betalactámicos	IMP-2
Betalactámicos	IMP-20
Betalactámicos	IMP-21
Betalactámicos	IMP-22
Betalactámicos	IMP-24
Betalactámicos	IMP-25
Betalactámicos	IMP-26
Betalactámicos	IMP-27
Betalactámicos	IMP-28
Betalactámicos	IMP-29
Betalactámicos	IMP-3
Betalactámicos	IMP-30
Betalactámicos	IMP-32
Betalactámicos	IMP-33
Betalactámicos	IMP-34
Betalactámicos	IMP-35
Betalactámicos	IMP-37
Betalactámicos	IMP-39
Betalactámicos	IMP-4
Betalactámicos	IMP-40
Betalactámicos	IMP-41
Betalactámicos	IMP-42
Betalactámicos	IMP-43
Betalactámicos	IMP-44
Betalactámicos	IMP-49
Betalactámicos	IMP-5
Betalactámicos	IMP-51
Betalactámicos	IMP-52
Betalactámicos	IMP-6
Betalactámicos	IMP-7
Betalactámicos	IMP-8
Betalactámicos	IMP-9
Betalactámicos	IND-1
Betalactámicos	IND-10
Betalactámicos	IND-11
Betalactámicos	IND-12
Betalactámicos	IND-13
Betalactámicos	IND-14
Betalactámicos	IND-15
Betalactámicos	IND-2
Betalactámicos	IND-2b
Betalactámicos	IND-2c
Betalactámicos	IND-3
Betalactámicos	IND-4
Betalactámicos	IND-5
Betalactámicos	IND-6
Betalactámicos	IND-7
Betalactámicos	IND-8
Betalactámicos	IND-9
Betalactámicos	JOHN-1
Betalactámicos	KHM-1
Betalactámicos	KPC-1
Betalactámicos	KPC-10
Betalactámicos	KPC-11
Betalactámicos	KPC-12
Betalactámicos	KPC-13
Betalactámicos	KPC-14
Betalactámicos	KPC-15
Betalactámicos	KPC-16
Betalactámicos	KPC-17
Betalactámicos	KPC-19
Betalactámicos	KPC-2
Betalactámicos	KPC-22
Betalactámicos	KPC-24
Betalactámicos	KPC-3
Betalactámicos	KPC-4
Betalactámicos	KPC-5
Betalactámicos	KPC-6
Betalactámicos	KPC-7
Betalactámicos	KPC-8
Betalactámicos	KPC-9
Betalactámicos	L-1
Betalactámicos	LAP-1
Betalactámicos	LAP-2
Betalactámicos	LAT-1
Betalactámicos	LCR-1
Betalactámicos	LEN-1
Betalactámicos	LEN-10
Betalactámicos	LEN-11
Betalactámicos	LEN-12
Betalactámicos	LEN-13
Betalactámicos	LEN-15
Betalactámicos	LEN-16
Betalactámicos	LEN-17
Betalactámicos	LEN-18
Betalactámicos	LEN-19
Betalactámicos	LEN-2
Betalactámicos	LEN-20
Betalactámicos	LEN-21
Betalactámicos	LEN-22
Betalactámicos	LEN-23
Betalactámicos	LEN-24
Betalactámicos	LEN-25
Betalactámicos	LEN-26
Betalactámicos	LEN-3
Betalactámicos	LEN-35
Betalactámicos	LEN-36
Betalactámicos	LEN-37
Betalactámicos	LEN-4
Betalactámicos	LEN-5
Betalactámicos	LEN-6
Betalactámicos	LEN-7
Betalactámicos	LEN-8
Betalactámicos	LEN-9
Betalactámicos	Lut-1
Betalactámicos	MAL-1
Betalactámicos	MEC-C
Betalactámicos	MECA
Betalactámicos	MIR-1
Betalactámicos	MIR-2
Betalactámicos	MIR-3
Betalactámicos	MIR-4
Betalactámicos	MIR-6
Betalactámicos	MIR-8
Betalactámicos	MOR
Betalactámicos	MOX-1
Betalactámicos	MOX-2
Betalactámicos	MOX-3
Betalactámicos	MOX-4
Betalactámicos	MOX-5
Betalactámicos	MOX-6
Betalactámicos	MOX-7
Betalactámicos	MOX-8
Betalactámicos	MUS-1
Betalactámicos	Mbl
Betalactámicos	Mor-2
Betalactámicos	MrdA
Betalactámicos	NDM-1
Betalactámicos	NDM-10
Betalactámicos	NDM-12
Betalactámicos	NDM-13
Betalactámicos	NDM-15
Betalactámicos	NDM-16
Betalactámicos	NDM-2
Betalactámicos	NDM-3
Betalactámicos	NDM-4
Betalactámicos	NDM-5
Betalactámicos	NDM-6
Betalactámicos	NDM-7
Betalactámicos	NDM-8
Betalactámicos	NDM-9
Betalactámicos	NMC-A
Betalactámicos	Nps1
Betalactámicos	OCH-2
Betalactámicos	OCH-3
Betalactámicos	OCH-4
Betalactámicos	OCH-5
Betalactámicos	OCH-6
Betalactámicos	OCH-7
Betalactámicos	OCH-8
Betalactámicos	OKP-A-1
Betalactámicos	OKP-A-10
Betalactámicos	OKP-A-11
Betalactámicos	OKP-A-12
Betalactámicos	OKP-A-13
Betalactámicos	OKP-A-14
Betalactámicos	OKP-A-15
Betalactámicos	OKP-A-16
Betalactámicos	OKP-A-2
Betalactámicos	OKP-A-3
Betalactámicos	OKP-A-4
Betalactámicos	OKP-A-5
Betalactámicos	OKP-A-6
Betalactámicos	OKP-A-7
Betalactámicos	OKP-A-8
Betalactámicos	OKP-A-9
Betalactámicos	OKP-B-1
Betalactámicos	OKP-B-10
Betalactámicos	OKP-B-11
Betalactámicos	OKP-B-12
Betalactámicos	OKP-B-13
Betalactámicos	OKP-B-14
Betalactámicos	OKP-B-15
Betalactámicos	OKP-B-16
Betalactámicos	OKP-B-17
Betalactámicos	OKP-B-18
Betalactámicos	OKP-B-19
Betalactámicos	OKP-B-2
Betalactámicos	OKP-B-20
Betalactámicos	OKP-B-3
Betalactámicos	OKP-B-4
Betalactámicos	OKP-B-5
Betalactámicos	OKP-B-6
Betalactámicos	OKP-B-7
Betalactámicos	OKP-B-8
Betalactámicos	OKP-B-9
Betalactámicos	ORN1a
Betalactámicos	ORN1b
Betalactámicos	OXA-1
Betalactámicos	OXA-10
Betalactámicos	OXA-100
Betalactámicos	OXA-101
Betalactámicos	OXA-104
Betalactámicos	OXA-106
Betalactámicos	OXA-107
Betalactámicos	OXA-108
Betalactámicos	OXA-109
Betalactámicos	OXA-11
Betalactámicos	OXA-110
Betalactámicos	OXA-111
Betalactámicos	OXA-112
Betalactámicos	OXA-113
Betalactámicos	OXA-114
Betalactámicos	OXA-115
Betalactámicos	OXA-116
Betalactámicos	OXA-117
Betalactámicos	OXA-118
Betalactámicos	OXA-119
Betalactámicos	OXA-12
Betalactámicos	OXA-120
Betalactámicos	OXA-128
Betalactámicos	OXA-129
Betalactámicos	OXA-13
Betalactámicos	OXA-130
Betalactámicos	OXA-131
Betalactámicos	OXA-132
Betalactámicos	OXA-133
Betalactámicos	OXA-134
Betalactámicos	OXA-136
Betalactámicos	OXA-137
Betalactámicos	OXA-138
Betalactámicos	OXA-139
Betalactámicos	OXA-14
Betalactámicos	OXA-141
Betalactámicos	OXA-142
Betalactámicos	OXA-143
Betalactámicos	OXA-144
Betalactámicos	OXA-145
Betalactámicos	OXA-146
Betalactámicos	OXA-147
Betalactámicos	OXA-148
Betalactámicos	OXA-149
Betalactámicos	OXA-15
Betalactámicos	OXA-150
Betalactámicos	OXA-16
Betalactámicos	OXA-160
Betalactámicos	OXA-161
Betalactámicos	OXA-162
Betalactámicos	OXA-163
Betalactámicos	OXA-164
Betalactámicos	OXA-165
Betalactámicos	OXA-166
Betalactámicos	OXA-167
Betalactámicos	OXA-168
Betalactámicos	OXA-169
Betalactámicos	OXA-17
Betalactámicos	OXA-170
Betalactámicos	OXA-171
Betalactámicos	OXA-172
Betalactámicos	OXA-173
Betalactámicos	OXA-174
Betalactámicos	OXA-175
Betalactámicos	OXA-176
Betalactámicos	OXA-177
Betalactámicos	OXA-178
Betalactámicos	OXA-179
Betalactámicos	OXA-18
Betalactámicos	OXA-180
Betalactámicos	OXA-181
Betalactámicos	OXA-182
Betalactámicos	OXA-183
Betalactámicos	OXA-19
Betalactámicos	OXA-192
Betalactámicos	OXA-194
Betalactámicos	OXA-195
Betalactámicos	OXA-196
Betalactámicos	OXA-197
Betalactámicos	OXA-198
Betalactámicos	OXA-199
Betalactámicos	OXA-2
Betalactámicos	OXA-20
Betalactámicos	OXA-200
Betalactámicos	OXA-201
Betalactámicos	OXA-202
Betalactámicos	OXA-203
Betalactámicos	OXA-204
Betalactámicos	OXA-205
Betalactámicos	OXA-206
Betalactámicos	OXA-207
Betalactámicos	OXA-208
Betalactámicos	OXA-209
Betalactámicos	OXA-21
Betalactámicos	OXA-210
Betalactámicos	OXA-211
Betalactámicos	OXA-212
Betalactámicos	OXA-213
Betalactámicos	OXA-214
Betalactámicos	OXA-215
Betalactámicos	OXA-216
Betalactámicos	OXA-217
Betalactámicos	OXA-219
Betalactámicos	OXA-22
Betalactámicos	OXA-223
Betalactámicos	OXA-224
Betalactámicos	OXA-225
Betalactámicos	OXA-228
Betalactámicos	OXA-229
Betalactámicos	OXA-23
Betalactámicos	OXA-230
Betalactámicos	OXA-231
Betalactámicos	OXA-235
Betalactámicos	OXA-236
Betalactámicos	OXA-237
Betalactámicos	OXA-239
Betalactámicos	OXA-24
Betalactámicos	OXA-240
Betalactámicos	OXA-241
Betalactámicos	OXA-242
Betalactámicos	OXA-243a
Betalactámicos	OXA-244
Betalactámicos	OXA-245
Betalactámicos	OXA-247
Betalactámicos	OXA-248
Betalactámicos	OXA-249
Betalactámicos	OXA-25
Betalactámicos	OXA-250
Betalactámicos	OXA-251
Betalactámicos	OXA-256
Betalactámicos	OXA-258
Betalactámicos	OXA-26
Betalactámicos	OXA-27
Betalactámicos	OXA-278
Betalactámicos	OXA-28
Betalactámicos	OXA-29
Betalactámicos	OXA-3
Betalactámicos	OXA-309
Betalactámicos	OXA-31
Betalactámicos	OXA-32
Betalactámicos	OXA-320
Betalactámicos	OXA-34
Betalactámicos	OXA-347
Betalactámicos	OXA-35
Betalactámicos	OXA-36
Betalactámicos	OXA-37
Betalactámicos	OXA-372
Betalactámicos	OXA-4
Betalactámicos	OXA-42
Betalactámicos	OXA-43
Betalactámicos	OXA-45
Betalactámicos	OXA-46
Betalactámicos	OXA-47
Betalactámicos	OXA-48
Betalactámicos	OXA-49
Betalactámicos	OXA-5
Betalactámicos	OXA-50
Betalactámicos	OXA-51
Betalactámicos	OXA-53
Betalactámicos	OXA-54
Betalactámicos	OXA-55
Betalactámicos	OXA-56
Betalactámicos	OXA-57
Betalactámicos	OXA-58
Betalactámicos	OXA-59
Betalactámicos	OXA-60
Betalactámicos	OXA-61
Betalactámicos	OXA-62
Betalactámicos	OXA-63
Betalactámicos	OXA-64
Betalactámicos	OXA-65
Betalactámicos	OXA-66
Betalactámicos	OXA-67
Betalactámicos	OXA-68
Betalactámicos	OXA-69
Betalactámicos	OXA-7
Betalactámicos	OXA-70
Betalactámicos	OXA-71
Betalactámicos	OXA-72
Betalactámicos	OXA-73
Betalactámicos	OXA-74
Betalactámicos	OXA-75
Betalactámicos	OXA-76
Betalactámicos	OXA-77
Betalactámicos	OXA-78
Betalactámicos	OXA-79
Betalactámicos	OXA-80
Betalactámicos	OXA-82
Betalactámicos	OXA-83
Betalactámicos	OXA-84
Betalactámicos	OXA-85
Betalactámicos	OXA-86
Betalactámicos	OXA-87
Betalactámicos	OXA-88
Betalactámicos	OXA-89
Betalactámicos	OXA-9
Betalactámicos	OXA-90
Betalactámicos	OXA-91
Betalactámicos	OXA-92
Betalactámicos	OXA-93
Betalactámicos	OXA-94
Betalactámicos	OXA-95
Betalactámicos	OXA-96
Betalactámicos	OXA-97
Betalactámicos	OXA-98
Betalactámicos	OXA-99
Betalactámicos	OXY1-1
Betalactámicos	OXY1-2
Betalactámicos	OXY1-3
Betalactámicos	OXY1-4
Betalactámicos	OXY1-5
Betalactámicos	OXY1a
Betalactámicos	OXY2-1
Betalactámicos	OXY2-10
Betalactámicos	OXY2-2
Betalactámicos	OXY2-3
Betalactámicos	OXY2-4
Betalactámicos	OXY2-5
Betalactámicos	OXY2-6
Betalactámicos	OXY2-7
Betalactámicos	OXY2-8
Betalactámicos	OXY2-9
Betalactámicos	OXY3-1
Betalactámicos	OXY4-1
Betalactámicos	OXY5-1
Betalactámicos	OXY5-2
Betalactámicos	OXY6-1
Betalactámicos	OXY6-2
Betalactámicos	OXY6-3
Betalactámicos	OXY6-4
Betalactámicos	PBP1a
Betalactámicos	PBP1b
Betalactámicos	PER-1
Betalactámicos	PER-2
Betalactámicos	PER-3
Betalactámicos	PER-4
Betalactámicos	PER-5
Betalactámicos	PER-6
Betalactámicos	PER-7
Betalactámicos	PER-8
Betalactámicos	PLA1a
Betalactámicos	PLA2a
Betalactámicos	PME-1
Betalactámicos	POM-1
Betalactámicos	PSE-4
Betalactámicos	Pam-1
Betalactámicos	PenA
Betalactámicos	RAHN-1
Betalactámicos	RAHN-2
Betalactámicos	ROB-1
Betalactámicos	SCO-1
Betalactámicos	SED-1
Betalactámicos	SFB-1
Betalactámicos	SFC-1
Betalactámicos	SFH-1
Betalactámicos	SFO-1
Betalactámicos	SHV-1
Betalactámicos	SHV-100
Betalactámicos	SHV-101
Betalactámicos	SHV-102
Betalactámicos	SHV-103
Betalactámicos	SHV-104
Betalactámicos	SHV-105
Betalactámicos	SHV-106
Betalactámicos	SHV-107
Betalactámicos	SHV-108
Betalactámicos	SHV-109
Betalactámicos	SHV-11
Betalactámicos	SHV-110
Betalactámicos	SHV-12
Betalactámicos	SHV-120
Betalactámicos	SHV-121
Betalactámicos	SHV-122
Betalactámicos	SHV-128
Betalactámicos	SHV-13
Betalactámicos	SHV-132
Betalactámicos	SHV-133
Betalactámicos	SHV-134
Betalactámicos	SHV-135
Betalactámicos	SHV-137
Betalactámicos	SHV-14
Betalactámicos	SHV-140
Betalactámicos	SHV-141
Betalactámicos	SHV-142
Betalactámicos	SHV-143
Betalactámicos	SHV-144
Betalactámicos	SHV-145
Betalactámicos	SHV-147
Betalactámicos	SHV-148
Betalactámicos	SHV-149
Betalactámicos	SHV-15
Betalactámicos	SHV-150
Betalactámicos	SHV-151
Betalactámicos	SHV-152
Betalactámicos	SHV-153
Betalactámicos	SHV-154
Betalactámicos	SHV-155
Betalactámicos	SHV-156
Betalactámicos	SHV-157
Betalactámicos	SHV-158
Betalactámicos	SHV-159
Betalactámicos	SHV-16
Betalactámicos	SHV-160
Betalactámicos	SHV-161
Betalactámicos	SHV-162
Betalactámicos	SHV-163
Betalactámicos	SHV-165
Betalactámicos	SHV-167
Betalactámicos	SHV-168
Betalactámicos	SHV-172
Betalactámicos	SHV-173
Betalactámicos	SHV-178
Betalactámicos	SHV-179
Betalactámicos	SHV-18
Betalactámicos	SHV-181
Betalactámicos	SHV-182
Betalactámicos	SHV-183
Betalactámicos	SHV-185
Betalactámicos	SHV-186
Betalactámicos	SHV-187
Betalactámicos	SHV-188
Betalactámicos	SHV-189
Betalactámicos	SHV-190
Betalactámicos	SHV-191
Betalactámicos	SHV-193
Betalactámicos	SHV-2
Betalactámicos	SHV-24
Betalactámicos	SHV-25
Betalactámicos	SHV-26
Betalactámicos	SHV-27
Betalactámicos	SHV-28
Betalactámicos	SHV-29
Betalactámicos	SHV-2a
Betalactámicos	SHV-30
Betalactámicos	SHV-31
Betalactámicos	SHV-32
Betalactámicos	SHV-33
Betalactámicos	SHV-34
Betalactámicos	SHV-35
Betalactámicos	SHV-36
Betalactámicos	SHV-37
Betalactámicos	SHV-38
Betalactámicos	SHV-39
Betalactámicos	SHV-40
Betalactámicos	SHV-41
Betalactámicos	SHV-42
Betalactámicos	SHV-43
Betalactámicos	SHV-44
Betalactámicos	SHV-45
Betalactámicos	SHV-46
Betalactámicos	SHV-48
Betalactámicos	SHV-49
Betalactámicos	SHV-5
Betalactámicos	SHV-50
Betalactámicos	SHV-51
Betalactámicos	SHV-52
Betalactámicos	SHV-53
Betalactámicos	SHV-55
Betalactámicos	SHV-56
Betalactámicos	SHV-57
Betalactámicos	SHV-59
Betalactámicos	SHV-6
Betalactámicos	SHV-60
Betalactámicos	SHV-61
Betalactámicos	SHV-62
Betalactámicos	SHV-63
Betalactámicos	SHV-64
Betalactámicos	SHV-65
Betalactámicos	SHV-66
Betalactámicos	SHV-67
Betalactámicos	SHV-69
Betalactámicos	SHV-7
Betalactámicos	SHV-70
Betalactámicos	SHV-71
Betalactámicos	SHV-72
Betalactámicos	SHV-73
Betalactámicos	SHV-74
Betalactámicos	SHV-75
Betalactámicos	SHV-76
Betalactámicos	SHV-77
Betalactámicos	SHV-78
Betalactámicos	SHV-79
Betalactámicos	SHV-8
Betalactámicos	SHV-80
Betalactámicos	SHV-81
Betalactámicos	SHV-82
Betalactámicos	SHV-84
Betalactámicos	SHV-85
Betalactámicos	SHV-86
Betalactámicos	SHV-89
Betalactámicos	SHV-92
Betalactámicos	SHV-93
Betalactámicos	SHV-94
Betalactámicos	SHV-95
Betalactámicos	SHV-96
Betalactámicos	SHV-97
Betalactámicos	SHV-98
Betalactámicos	SHV-99
Betalactámicos	SHV2A-kp
Betalactámicos	SIM-1
Betalactámicos	SLB-1
Betalactámicos	SMB-1
Betalactámicos	SME-1
Betalactámicos	SME-2
Betalactámicos	SME-3
Betalactámicos	SME-4
Betalactámicos	SME-5
Betalactámicos	SPM-1
Betalactámicos	SPU-1
Betalactámicos	SRT-1
Betalactámicos	SST-1
Betalactámicos	TEM-1
Betalactámicos	TEM-10
Betalactámicos	TEM-101
Betalactámicos	TEM-102
Betalactámicos	TEM-104
Betalactámicos	TEM-105
Betalactámicos	TEM-106
Betalactámicos	TEM-107
Betalactámicos	TEM-108
Betalactámicos	TEM-109
Betalactámicos	TEM-11
Betalactámicos	TEM-110
Betalactámicos	TEM-111
Betalactámicos	TEM-112
Betalactámicos	TEM-113
Betalactámicos	TEM-114
Betalactámicos	TEM-115
Betalactámicos	TEM-116
Betalactámicos	TEM-117
Betalactámicos	TEM-118
Betalactámicos	TEM-12
Betalactámicos	TEM-120
Betalactámicos	TEM-121
Betalactámicos	TEM-122
Betalactámicos	TEM-123
Betalactámicos	TEM-124
Betalactámicos	TEM-125
Betalactámicos	TEM-126
Betalactámicos	TEM-127
Betalactámicos	TEM-128
Betalactámicos	TEM-129
Betalactámicos	TEM-130
Betalactámicos	TEM-131
Betalactámicos	TEM-132
Betalactámicos	TEM-133
Betalactámicos	TEM-134
Betalactámicos	TEM-135
Betalactámicos	TEM-136
Betalactámicos	TEM-137
Betalactámicos	TEM-138
Betalactámicos	TEM-139
Betalactámicos	TEM-141
Betalactámicos	TEM-142
Betalactámicos	TEM-143
Betalactámicos	TEM-144
Betalactámicos	TEM-145
Betalactámicos	TEM-146
Betalactámicos	TEM-147
Betalactámicos	TEM-148
Betalactámicos	TEM-149
Betalactámicos	TEM-15
Betalactámicos	TEM-150
Betalactámicos	TEM-151
Betalactámicos	TEM-152
Betalactámicos	TEM-153
Betalactámicos	TEM-154
Betalactámicos	TEM-155
Betalactámicos	TEM-156
Betalactámicos	TEM-157
Betalactámicos	TEM-158
Betalactámicos	TEM-159
Betalactámicos	TEM-16
Betalactámicos	TEM-160
Betalactámicos	TEM-162
Betalactámicos	TEM-163
Betalactámicos	TEM-164
Betalactámicos	TEM-166
Betalactámicos	TEM-167
Betalactámicos	TEM-168
Betalactámicos	TEM-169
Betalactámicos	TEM-17
Betalactámicos	TEM-171
Betalactámicos	TEM-176
Betalactámicos	TEM-177
Betalactámicos	TEM-178
Betalactámicos	TEM-182
Betalactámicos	TEM-183
Betalactámicos	TEM-185
Betalactámicos	TEM-186
Betalactámicos	TEM-187
Betalactámicos	TEM-188
Betalactámicos	TEM-189
Betalactámicos	TEM-190
Betalactámicos	TEM-191
Betalactámicos	TEM-192
Betalactámicos	TEM-193
Betalactámicos	TEM-194
Betalactámicos	TEM-195
Betalactámicos	TEM-197
Betalactámicos	TEM-198
Betalactámicos	TEM-199
Betalactámicos	TEM-1D
Betalactámicos	TEM-2
Betalactámicos	TEM-20
Betalactámicos	TEM-201
Betalactámicos	TEM-205
Betalactámicos	TEM-206
Betalactámicos	TEM-207
Betalactámicos	TEM-208
Betalactámicos	TEM-209
Betalactámicos	TEM-21
Betalactámicos	TEM-211
Betalactámicos	TEM-213
Betalactámicos	TEM-214
Betalactámicos	TEM-215
Betalactámicos	TEM-216
Betalactámicos	TEM-217
Betalactámicos	TEM-219
Betalactámicos	TEM-22
Betalactámicos	TEM-220
Betalactámicos	TEM-24
Betalactámicos	TEM-26B
Betalactámicos	TEM-28
Betalactámicos	TEM-29
Betalactámicos	TEM-3
Betalactámicos	TEM-30
Betalactámicos	TEM-33
Betalactámicos	TEM-34
Betalactámicos	TEM-42
Betalactámicos	TEM-43
Betalactámicos	TEM-47
Betalactámicos	TEM-48
Betalactámicos	TEM-49
Betalactámicos	TEM-52
Betalactámicos	TEM-53
Betalactámicos	TEM-54
Betalactámicos	TEM-55
Betalactámicos	TEM-57
Betalactámicos	TEM-59
Betalactámicos	TEM-6
Betalactámicos	TEM-60
Betalactámicos	TEM-63
Betalactámicos	TEM-67
Betalactámicos	TEM-68
Betalactámicos	TEM-7
Betalactámicos	TEM-70
Betalactámicos	TEM-71
Betalactámicos	TEM-72
Betalactámicos	TEM-75
Betalactámicos	TEM-76
Betalactámicos	TEM-77
Betalactámicos	TEM-78
Betalactámicos	TEM-79
Betalactámicos	TEM-8
Betalactámicos	TEM-80
Betalactámicos	TEM-81
Betalactámicos	TEM-82
Betalactámicos	TEM-83
Betalactámicos	TEM-84
Betalactámicos	TEM-85
Betalactámicos	TEM-86
Betalactámicos	TEM-87
Betalactámicos	TEM-88
Betalactámicos	TEM-89
Betalactámicos	TEM-90
Betalactámicos	TEM-91
Betalactámicos	TEM-92
Betalactámicos	TEM-93
Betalactámicos	TEM-94
Betalactámicos	TEM-95
Betalactámicos	TEM-96
Betalactámicos	TEM-97
Betalactámicos	TEM-98
Betalactámicos	TEM-99
Betalactámicos	THIN-B
Betalactámicos	TLA-1
Betalactámicos	TRU-1
Betalactámicos	TUS-1
Betalactámicos	Tmb-1
Betalactámicos	Tmb-2
Betalactámicos	VCC-1
Betalactámicos	VEB-1
Betalactámicos	VEB-11
Betalactámicos	VEB-12
Betalactámicos	VEB-1a
Betalactámicos	VEB-1b
Betalactámicos	VEB-2
Betalactámicos	VEB-3
Betalactámicos	VEB-4
Betalactámicos	VEB-5
Betalactámicos	VEB-6
Betalactámicos	VEB-7
Betalactámicos	VEB-8
Betalactámicos	VHH-1
Betalactámicos	VHW-1
Betalactámicos	VIM-1
Betalactámicos	VIM-10
Betalactámicos	VIM-11
Betalactámicos	VIM-12
Betalactámicos	VIM-13
Betalactámicos	VIM-14
Betalactámicos	VIM-15
Betalactámicos	VIM-16
Betalactámicos	VIM-17
Betalactámicos	VIM-18
Betalactámicos	VIM-19
Betalactámicos	VIM-2
Betalactámicos	VIM-20
Betalactámicos	VIM-23
Betalactámicos	VIM-24
Betalactámicos	VIM-25
Betalactámicos	VIM-26
Betalactámicos	VIM-27
Betalactámicos	VIM-28
Betalactámicos	VIM-29
Betalactámicos	VIM-3
Betalactámicos	VIM-30
Betalactámicos	VIM-31
Betalactámicos	VIM-32
Betalactámicos	VIM-33
Betalactámicos	VIM-34
Betalactámicos	VIM-35
Betalactámicos	VIM-36
Betalactámicos	VIM-37
Betalactámicos	VIM-38
Betalactámicos	VIM-39
Betalactámicos	VIM-4
Betalactámicos	VIM-42
Betalactámicos	VIM-43
Betalactámicos	VIM-44
Betalactámicos	VIM-45
Betalactámicos	VIM-46
Betalactámicos	VIM-5
Betalactámicos	VIM-6
Betalactámicos	VIM-7
Betalactámicos	VIM-8
Betalactámicos	VIM-9
Betalactámicos	ZEG-1
Betalactámicos	Zn-dependent_hydrolase
Colistina	Mcr1-1
Colistina	Mcr1-10
Colistina	Mcr1-11
Colistina	Mcr1-12
Colistina	Mcr1-2
Colistina	Mcr1-3
Colistina	Mcr1-4
Colistina	Mcr1-5
Colistina	Mcr1-6
Colistina	Mcr1-7
Colistina	Mcr1-8
Colistina	Mcr1-9
Colistina	Mcr2-1
Colistina	Mcr2-2
Colistina	Mcr3-1
Colistina	Mcr3-10
Colistina	Mcr3-11
Colistina	Mcr3-12
Colistina	Mcr3-2
Colistina	Mcr3-3
Colistina	Mcr3-4
Colistina	Mcr3-5
Colistina	Mcr3-6
Colistina	Mcr3-7
Colistina	Mcr3-8
Colistina	Mcr3-9
Colistina	Mcr4-1
Colistina	Mcr4-2
Colistina	Mcr5-1
Colistina	Mcr5-2
Colistina	Mcr6-1
Colistina	Mcr7-1
Ácido_Fusídico	Far1
Fosfomicina	FosA
Fosfomicina	FosA2
Fosfomicina	FosB
Fosfomicina	FosC
Fosfomicina	FosX
Fluoroquinolonas	NorA
Fluoroquinolonas	OqxA
Fluoroquinolonas	OqxB
Fluoroquinolonas	QepA
Fluoroquinolonas	QepA2
Fluoroquinolonas	Qnr-A1
Fluoroquinolonas	Qnr-A2
Fluoroquinolonas	Qnr-AS
Fluoroquinolonas	Qnr-S1
Fluoroquinolonas	Qnr-S5
Fluoroquinolonas	QnrA3
Fluoroquinolonas	QnrA4
Fluoroquinolonas	QnrA5
Fluoroquinolonas	QnrA6
Fluoroquinolonas	QnrA7
Fluoroquinolonas	QnrB1
Fluoroquinolonas	QnrB10
Fluoroquinolonas	QnrB12
Fluoroquinolonas	QnrB13
Fluoroquinolonas	QnrB14
Fluoroquinolonas	QnrB15
Fluoroquinolonas	QnrB17
Fluoroquinolonas	QnrB18
Fluoroquinolonas	QnrB19
Fluoroquinolonas	QnrB2
Fluoroquinolonas	QnrB20
Fluoroquinolonas	QnrB21
Fluoroquinolonas	QnrB22
Fluoroquinolonas	QnrB23
Fluoroquinolonas	QnrB24
Fluoroquinolonas	QnrB25
Fluoroquinolonas	QnrB26
Fluoroquinolonas	QnrB27
Fluoroquinolonas	QnrB28
Fluoroquinolonas	QnrB29
Fluoroquinolonas	QnrB3
Fluoroquinolonas	QnrB30
Fluoroquinolonas	QnrB31
Fluoroquinolonas	QnrB32
Fluoroquinolonas	QnrB33
Fluoroquinolonas	QnrB34
Fluoroquinolonas	QnrB35
Fluoroquinolonas	QnrB36
Fluoroquinolonas	QnrB37
Fluoroquinolonas	QnrB38
Fluoroquinolonas	QnrB4
Fluoroquinolonas	QnrB40
Fluoroquinolonas	QnrB41
Fluoroquinolonas	QnrB42
Fluoroquinolonas	QnrB43
Fluoroquinolonas	QnrB44
Fluoroquinolonas	QnrB45
Fluoroquinolonas	QnrB46
Fluoroquinolonas	QnrB47
Fluoroquinolonas	QnrB48
Fluoroquinolonas	QnrB49
Fluoroquinolonas	QnrB5
Fluoroquinolonas	QnrB53
Fluoroquinolonas	QnrB6
Fluoroquinolonas	QnrB7
Fluoroquinolonas	QnrB72
Fluoroquinolonas	QnrB8
Fluoroquinolonas	QnrB9
Fluoroquinolonas	QnrC
Fluoroquinolonas	QnrD
Fluoroquinolonas	QnrS
Fluoroquinolonas	QnrS2
Fluoroquinolonas	QnrS3
Fluoroquinolonas	QnrVC1
Fluoroquinolonas	QnrVC4
Fluoroquinolonas	QnrVC5
Fluoroquinolonas	QnrVC6
Fluoroquinolonas	QnrVC7
Glicopéptidos	VanA-A
Glicopéptidos	VanA-Ao2
Glicopéptidos	VanA-B
Glicopéptidos	VanA-D
Glicopéptidos	VanA-G
Glicopéptidos	VanA-L
Glicopéptidos	VanA-M
Glicopéptidos	VanAE-Pp
Glicopéptidos	VanB
Glicopéptidos	VanB
Glicopéptidos	VanC
Glicopéptidos	VanC1
Glicopéptidos	VanC2
Glicopéptidos	VanC2-3
Glicopéptidos	VanC3
Glicopéptidos	VanC4
Glicopéptidos	VanE
Glicopéptidos	VanH
Glicopéptidos	VanH-A
Glicopéptidos	VanH-Ac2
Glicopéptidos	VanH-Ao1
Glicopéptidos	VanH-Ao2
Glicopéptidos	VanH-B
Glicopéptidos	VanH-D
Glicopéptidos	VanH-E
Glicopéptidos	VanH-M
Glicopéptidos	VanH-Pt
Glicopéptidos	VanH-Pt2
Glicopéptidos	VanHA-Bc
Glicopéptidos	VanR-A
Glicopéptidos	VanR-B
Glicopéptidos	VanR-C
Glicopéptidos	VanR-D
Glicopéptidos	VanR-F
Glicopéptidos	VanR-L
Glicopéptidos	VanR-M
Glicopéptidos	VanR-Pt
Glicopéptidos	VanR-Pt2
Glicopéptidos	VanRc3
Glicopéptidos	VanRc4
Glicopéptidos	VanS-A
Glicopéptidos	VanS-B
Glicopéptidos	VanS-C
Glicopéptidos	VanS-D
Glicopéptidos	VanS-F
Glicopéptidos	VanS-L
Glicopéptidos	VanS-M
Glicopéptidos	VanS-Pt
Glicopéptidos	VanS-Pt2
Glicopéptidos	VanSc3
Glicopéptidos	VanSc4
Glicopéptidos	VanT
Glicopéptidos	VanTc
Glicopéptidos	VanTc3
Glicopéptidos	VanTc4
Glicopéptidos	VanTm-L
Glicopéptidos	VanTr-L
Glicopéptidos	VanW-B
Glicopéptidos	VanX-A
Glicopéptidos	VanX-Ac1
Glicopéptidos	VanX-Ac2
Glicopéptidos	VanX-Ao1
Glicopéptidos	VanX-Ao2
Glicopéptidos	VanX-B
Glicopéptidos	VanX-D
Glicopéptidos	VanX-M
Glicopéptidos	VanX-Pt
Glicopéptidos	VanX-Pt2
Glicopéptidos	VanX-Sc
Glicopéptidos	VanX-Yc
Glicopéptidos	VanXE-Pp
Glicopéptidos	VanXY-L
Glicopéptidos	VanXYc2-2
Glicopéptidos	VanXYc3
Glicopéptidos	VanXYc4
Glicopéptidos	VanY-A
Glicopéptidos	VanY-B
Glicopéptidos	VanY-D
Glicopéptidos	VanY-M
Glicopéptidos	VanY-Pt
Glicopéptidos	VanY-Pt2
Glicopéptidos	VanYF-Pp
Glicopéptidos	VanZ-A
Glicopéptidos	VanZ-Pa
Glicopéptidos	VanZ-Pa
Glicopéptidos	VanZF-Pp
Macrólidos-Lincosamidas-Estreptograminas	CarA
Macrólidos-Lincosamidas-Estreptograminas	CfrA
Macrólidos-Lincosamidas-Estreptograminas	EreA
Macrólidos-Lincosamidas-Estreptograminas	EreA2
Macrólidos-Lincosamidas-Estreptograminas	EreB
Macrólidos-Lincosamidas-Estreptograminas	Erm30
Macrólidos-Lincosamidas-Estreptograminas	Erm31
Macrólidos-Lincosamidas-Estreptograminas	Erm32
Macrólidos-Lincosamidas-Estreptograminas	Erm33
Macrólidos-Lincosamidas-Estreptograminas	Erm34
Macrólidos-Lincosamidas-Estreptograminas	Erm35
Macrólidos-Lincosamidas-Estreptograminas	Erm36
Macrólidos-Lincosamidas-Estreptograminas	Erm38
Macrólidos-Lincosamidas-Estreptograminas	Erm39
Macrólidos-Lincosamidas-Estreptograminas	Erm40
Macrólidos-Lincosamidas-Estreptograminas	Erm41
Macrólidos-Lincosamidas-Estreptograminas	Erm42
Macrólidos-Lincosamidas-Estreptograminas	ErmA
Macrólidos-Lincosamidas-Estreptograminas	ErmB
Macrólidos-Lincosamidas-Estreptograminas	ErmC
Macrólidos-Lincosamidas-Estreptograminas	ErmCX
Macrólidos-Lincosamidas-Estreptograminas	ErmD
Macrólidos-Lincosamidas-Estreptograminas	ErmE
Macrólidos-Lincosamidas-Estreptograminas	ErmF
Macrólidos-Lincosamidas-Estreptograminas	ErmG
Macrólidos-Lincosamidas-Estreptograminas	ErmH
Macrólidos-Lincosamidas-Estreptograminas	ErmN
Macrólidos-Lincosamidas-Estreptograminas	ErmO
Macrólidos-Lincosamidas-Estreptograminas	ErmQ
Macrólidos-Lincosamidas-Estreptograminas	ErmR
Macrólidos-Lincosamidas-Estreptograminas	ErmS
Macrólidos-Lincosamidas-Estreptograminas	ErmT
Macrólidos-Lincosamidas-Estreptograminas	ErmV
Macrólidos-Lincosamidas-Estreptograminas	ErmW
Macrólidos-Lincosamidas-Estreptograminas	ErmX
Macrólidos-Lincosamidas-Estreptograminas	ErmY
Macrólidos-Lincosamidas-Estreptograminas	ErmZ
Macrólidos-Lincosamidas-Estreptograminas	LinB
Macrólidos-Lincosamidas-Estreptograminas	LmrA
Macrólidos-Lincosamidas-Estreptograminas	LmrB
Macrólidos-Lincosamidas-Estreptograminas	LmrB
Macrólidos-Lincosamidas-Estreptograminas	LnuA
Macrólidos-Lincosamidas-Estreptograminas	LnuB
Macrólidos-Lincosamidas-Estreptograminas	LnuC
Macrólidos-Lincosamidas-Estreptograminas	LnuD
Macrólidos-Lincosamidas-Estreptograminas	LnuF
Macrólidos-Lincosamidas-Estreptograminas	LsaA
Macrólidos-Lincosamidas-Estreptograminas	LsaB
Macrólidos-Lincosamidas-Estreptograminas	LsaC
Macrólidos-Lincosamidas-Estreptograminas	MefA
Macrólidos-Lincosamidas-Estreptograminas	MefB
Macrólidos-Lincosamidas-Estreptograminas	MphA
Macrólidos-Lincosamidas-Estreptograminas	MphB
Macrólidos-Lincosamidas-Estreptograminas	MphC
Macrólidos-Lincosamidas-Estreptograminas	MphD
Macrólidos-Lincosamidas-Estreptograminas	MphE
Macrólidos-Lincosamidas-Estreptograminas	MsrA
Macrólidos-Lincosamidas-Estreptograminas	MsrC
Macrólidos-Lincosamidas-Estreptograminas	MsrD
Macrólidos-Lincosamidas-Estreptograminas	MsrE
Macrólidos-Lincosamidas-Estreptograminas	OleB
Macrólidos-Lincosamidas-Estreptograminas	OleC
Macrólidos-Lincosamidas-Estreptograminas	SrmB
Macrólidos-Lincosamidas-Estreptograminas	TlrC
Macrólidos-Lincosamidas-Estreptograminas	TlrC
Macrólidos-Lincosamidas-Estreptograminas	VatA
Macrólidos-Lincosamidas-Estreptograminas	VatB
Macrólidos-Lincosamidas-Estreptograminas	VatC
Macrólidos-Lincosamidas-Estreptograminas	VatD
Macrólidos-Lincosamidas-Estreptograminas	VatE
Macrólidos-Lincosamidas-Estreptograminas	VatF
Macrólidos-Lincosamidas-Estreptograminas	VgaA
Macrólidos-Lincosamidas-Estreptograminas	VgaB
Macrólidos-Lincosamidas-Estreptograminas	VgaD
Macrólidos-Lincosamidas-Estreptograminas	VgaE
Macrólidos-Lincosamidas-Estreptograminas	Vgaa-LC
Macrólidos-Lincosamidas-Estreptograminas	VgbA
Macrólidos-Lincosamidas-Estreptograminas	VgbB
Nitroimidazol	NimB_Nitroimidazole_Gene
Oxazolidinonas	OptrA
Fenicoles	Cat-86
Fenicoles	Cat-pC221
Fenicoles	Cat-pC223
Fenicoles	CatA1
Fenicoles	CatA10
Fenicoles	CatA2
Fenicoles	CatA3
Fenicoles	CatA7
Fenicoles	CatA8
Fenicoles	CatA9
Fenicoles	CatB
Fenicoles	CatB1
Fenicoles	CatB10
Fenicoles	CatB2
Fenicoles	CatB3
Fenicoles	CatB4
Fenicoles	CatB5
Fenicoles	CatB6
Fenicoles	CatB7
Fenicoles	CatB8
Fenicoles	CatB9
Fenicoles	CatD
Fenicoles	CatP
Fenicoles	CatQ
Fenicoles	CatS
Fenicoles	Cml
Fenicoles	CmlA1
Fenicoles	CmlA5
Fenicoles	CmlB1
Fenicoles	CmlV
Fenicoles	Cmr
Fenicoles	CmrA
Fenicoles	Cmx
Fenicoles	Dha1
Fenicoles	FexA
Fenicoles	FloR
Fenicoles	PexA
Rifampicina	Arr2
Rifampicina	Arr3
Rifampicina	Arr4
Rifampicina	Arr5
Rifampicina	Arr6
Rifampicina	Arr7
Rifampicina	IRI
Rifampicina	Rif
Sulfonamidas	SulI
Sulfonamidas	SulII
Sulfonamidas	SulIII
Tetraciclinas	OtrA
Tetraciclinas	OtrB
Tetraciclinas	OtrC
Tetraciclinas	Tcr-3
Tetraciclinas	Tet-30
Tetraciclinas	Tet-31
Tetraciclinas	Tet-32
Tetraciclinas	Tet-33
Tetraciclinas	Tet-34
Tetraciclinas	Tet-35
Tetraciclinas	Tet-36
Tetraciclinas	Tet-37
Tetraciclinas	Tet-38
Tetraciclinas	Tet-39
Tetraciclinas	Tet-40
Tetraciclinas	Tet-41
Tetraciclinas	Tet-42
Tetraciclinas	Tet-43
Tetraciclinas	Tet-44
Tetraciclinas	TetA
Tetraciclinas	TetA-P
Tetraciclinas	TetB
Tetraciclinas	TetB-P
Tetraciclinas	TetC
Tetraciclinas	TetD
Tetraciclinas	TetE
Tetraciclinas	TetG
Tetraciclinas	TetH
Tetraciclinas	TetJ
Tetraciclinas	TetK
Tetraciclinas	TetL
Tetraciclinas	TetM
Tetraciclinas	TetO
Tetraciclinas	TetQ
Tetraciclinas	TetS
Tetraciclinas	TetT
Tetraciclinas	TetU
Tetraciclinas	TetV
Tetraciclinas	TetW
Tetraciclinas	TetX
Tetraciclinas	TetY
Tetraciclinas	TetZ
Trimetroprima	DfrA1
Trimetroprima	DfrA10
Trimetroprima	DfrA12
Trimetroprima	DfrA13
Trimetroprima	DfrA14
Trimetroprima	DfrA15
Trimetroprima	DfrA15b
Trimetroprima	DfrA16
Trimetroprima	DfrA17
Trimetroprima	DfrA19
Trimetroprima	DfrA20
Trimetroprima	DfrA21
Trimetroprima	DfrA22
Trimetroprima	DfrA23
Trimetroprima	DfrA24
Trimetroprima	DfrA25
Trimetroprima	DfrA26
Trimetroprima	DfrA27
Trimetroprima	DfrA28
Trimetroprima	DfrA29
Trimetroprima	DfrA3
Trimetroprima	DfrA30
Trimetroprima	DfrA31
Trimetroprima	DfrA32
Trimetroprima	DfrA33
Trimetroprima	DfrA3b
Trimetroprima	DfrA5
Trimetroprima	DfrA6
Trimetroprima	DfrA7
Trimetroprima	DfrA8
Trimetroprima	DfrA9
Trimetroprima	DfrB1
Trimetroprima	DfrB2
Trimetroprima	DfrB3
Trimetroprima	DfrB4
Trimetroprima	DfrB5
Trimetroprima	DfrB6
Trimetroprima	DfrB8
Trimetroprima	DfrC
Trimetroprima	DfrD
Trimetroprima	DfrG
Trimetroprima	DfrK
